id, marker_No, lat, lng, deail_id
1, marker1_1, 37.566660859280816, 126.97839570907747, 1
2, marker1_2, 35.17972083144156, 129.07515862513677, 1
3, marker1_3, 35.87131849813522, 128.6017490317599, 1
4, marker1_4, 37.455900395742766, 126.70550550512287, 1
5, marker1_5, 35.16000611450778, 126.85126118704154, 1
6, marker1_6, 36.350318123366506, 127.3847328336066, 1
7, marker1_7, 35.539620929255236, 129.31148938114688, 1
8, marker1_8, 37.27494032705116, 127.00919006471952, 1
9, marker1_9, 37.885452567557124, 127.72976981040011, 1
10, marker1_10, 36.6356712308418, 127.49124793373747, 1
11, marker1_11, 36.659100906427845, 126.67289003374813, 1
12, marker1_12, 35.82039448074363, 127.10881279473766, 1
13, marker1_13, 34.816218286477934, 126.46288124826128, 1
14, marker1_14, 36.5760203799238, 128.50555264905287, 1
15, marker1_15, 35.23832523630367, 128.69239796379102, 1
16, marker1_16, 33.499564648821305, 126.53120902416248, 1
17, marker1_17, 36.48013158025002, 127.28872184900892, 1
18, marker2_1, 34.54914947680533, 127.13916219725078, 2
19, marker2_2, 34.837860805119966, 127.89255204827073, 2
20, marker2_3, 35.132822273469095, 128.71073509442994, 2
21, marker2_4, 35.227881316869976, 128.68198592515816, 2
22, marker2_5, 35.903734386610125, 129.47712490632952, 2
23, marker2_6, 35.66884027066949, 126.49387327646019, 2
24, marker2_7, 36.15608515681201, 126.52446575105546, 2
25, marker2_8, 36.14177055272004, 126.49820601734358, 2
26, marker3_1, 33.37440413656891, 126.5378146671317, 3
27, marker4_1, 37.759820905830566, 126.77979793416864, 4
28, marker4_2, 36.64173847615452, 127.48863591839728, 4
29, marker4_3, 35.56978026821546, 126.85594993325323, 4
30, marker5_1, 37.7518606488948, 128.8761240263153, 5
31, marker5_2, 37.37070707146805, 128.3903379647643, 5
32, marker6_1, 37.761943978361536, 127.34426563993553, 6
33, marker6_2, 37.64737214590928, 127.49752580540631, 6
34, marker6_3, 37.762837368272805, 127.52761671746718, 6
35, marker7_1, 36.14957732603624, 128.58374947441104, 7
36, marker7_2, 36.4073799481825, 129.37269036826976, 7
37, marker7_3, 36.335467391858735, 128.64753264337298, 7
38, marker7_4, 36.87789469498648, 128.72369137675307, 7
39, marker7_5, 36.07285207266402, 129.2104609793907, 7
40, marker7_6, 35.80381710702988, 128.49990172230608, 7
41, marker7_7, 35.966129711617775, 128.4538791110283, 7
42, marker7_8, 36.377156389800795, 128.27992487275966, 7
43, marker7_9, 36.61520250064612, 128.50879518365662, 7
44, marker7_10, 36.10503287846846, 128.43045426858163, 7
45, marker7_11, 36.14325961000006, 128.5212302379422, 7
46, marker9_1, 37.823543976548734, 127.13768995202622, 9
47, marker9_2, 37.56179845343719, 127.55185764101952, 9
48, marker9_3, 37.90630331865051, 127.75829997975036, 9
49, marker9_4, 35.585985615998055, 129.05715348806584, 9
50, marker9_5, 34.86187699426069, 128.64370714997276, 9